{
  "model": {
      "type": "minecraft:condition",
      "property": "minecraft:using_item",
      "on_true": {
        "type": "minecraft:range_dispatch",
        "property": "minecraft:use_duration",
        "entries": [
              {
                "threshold": 0,
                "model": {
                  "type": "minecraft:model",
                  "model": "item/eatinganimation/dried_kelp/dried_kelp_eat_0"
                }
              },
              {
                "threshold": 5.33,
                "model": {
                  "type": "minecraft:model",
                  "model": "item/eatinganimation/dried_kelp/dried_kelp_eat_1"
                }
              },
              {
                "threshold": 10.66,
                "model": {
                  "type": "minecraft:model",
                  "model": "item/eatinganimation/dried_kelp/dried_kelp_eat_2"
                }
              },
		            {
                "threshold": 15.5,
                "model": {
                  "type": "minecraft:model",
                  "model": "item/dried_kelp"
                }
              }
            ]
      },
      "on_false": {
        "type": "minecraft:model",
        "model": "item/dried_kelp"
      }
    }
  }