{"textures":{"spyglass":"item/spyglass_model","particle":"#spyglass"},"elements":[{"from":[7,8.5,7],"to":[9,13.5,9],"rotation":{"angle":0,"axis":"x","origin":[7,8.5,9]},"faces":{"north":{"uv":[2,4,7,6],"rotation":270,"texture":"#spyglass"},"east":{"uv":[9,6,14,8],"rotation":90,"texture":"#spyglass"},"south":{"uv":[7,4,12,6],"rotation":270,"texture":"#spyglass"},"west":{"uv":[2,6,7,8],"rotation":270,"texture":"#spyglass"},"up":{"uv":[7,6,9,8],"texture":"#spyglass"},"down":{"uv":[0,6,2,8],"rotation":180,"texture":"#spyglass"}}},{"from":[6.9,2.4,6.9],"to":[9.1,8.6,9.1],"rotation":{"angle":0,"axis":"x","origin":[7,3.5,9]},"faces":{"north":{"uv":[2,0,8,2],"rotation":270,"texture":"#spyglass"},"east":{"uv":[10,2,16,4],"rotation":90,"texture":"#spyglass"},"south":{"uv":[8,0,14,2],"rotation":270,"texture":"#spyglass"},"west":{"uv":[2,2,8,4],"rotation":270,"texture":"#spyglass"},"up":{"uv":[8,2,10,4],"texture":"#spyglass"},"down":{"uv":[0,2,2,4],"rotation":180,"texture":"#spyglass"}}}],"gui_light":"front","display":{"thirdperson_righthand":{"translation":[0,-2,0]},"ground":{"rotation":[90,0,0]},"gui":{"rotation":[-67.5,0,45],"scale":[1.5,1.5,1.5]},"head":{"rotation":[90,0,0],"translation":[0,0,-16],"scale":[1.6,1.6,1.6]},"fixed":{"translation":[0,0,-1.5],"scale":[1.5,1.5,1.5]}}}