{
	"credit": "Made with Blockbench",
	"textures": {
		"0": "block/torch/torch",
		"1": "block/torch/normal_flame",
		"particle": "block/torch/torch"
	},
	"elements": [
		{
			"from": [7, 0, 7],
			"to": [9, 10, 9],
			"rotation": {"angle": 0, "axis": "z", "origin": [8, 5, 8]},
			"faces": {
				"north": {"uv": [9, 6, 7, 16], "texture": "#0"},
				"east": {"uv": [7, 6, 9, 16], "texture": "#0"},
				"south": {"uv": [9, 6, 7, 16], "texture": "#0"},
				"west": {"uv": [7, 6, 9, 16], "texture": "#0"},
				"up": {"uv": [9, 6, 7, 8], "texture": "#0"},
				"down": {"uv": [9, 14, 7, 16], "texture": "#0"}
			}
		},
		{
			"from": [6.625, 7, 6.625],
			"to": [9.375, 8, 9.375],
			"rotation": {"angle": 0, "axis": "z", "origin": [8, 7.5, 8]},
			"faces": {
				"north": {"uv": [0, 15, 3, 16], "texture": "#0"},
				"east": {"uv": [0, 15, 3, 16], "texture": "#0"},
				"south": {"uv": [0, 14, 3, 15], "texture": "#0"},
				"west": {"uv": [0, 13, 3, 14], "texture": "#0"},
				"up": {"uv": [0, 13, 3, 16], "texture": "#0"},
				"down": {"uv": [0, 13, 3, 16], "texture": "#0"}
			}
		},
		{
			"from": [8, 9, 5.75],
			"to": [8, 15.25, 10],
			"rotation": {"angle": 22.5, "axis": "z", "origin": [8, 9, 7.75]},
			"faces": {
				"north": {"uv": [0, 0, 0, 0], "texture": "#1"},
				"east": {"uv": [6, 5, 10, 11], "texture": "#1"},
				"south": {"uv": [0, 0, 0, 0], "texture": "#1"},
				"west": {"uv": [6, 5, 10, 11], "texture": "#1"},
				"up": {"uv": [0, 0, 0, 0], "texture": "#1"},
				"down": {"uv": [0, 0, 0, 0], "texture": "#1"}
			}
		},
		{
			"from": [8, 8, 6.25],
			"to": [8, 9, 9.5],
			"rotation": {"angle": 22.5, "axis": "z", "origin": [8, 9, 7.75]},
			"faces": {
				"north": {"uv": [0, 0, 0, 0], "texture": "#1"},
				"east": {"uv": [6, 11, 9, 12], "texture": "#1"},
				"south": {"uv": [0, 0, 0, 0], "texture": "#1"},
				"west": {"uv": [6, 11, 9, 12], "texture": "#1"},
				"up": {"uv": [0, 0, 0, 0], "texture": "#1"},
				"down": {"uv": [0, 0, 0, 0], "texture": "#1"}
			}
		}
	],
	"gui_light": "front",
	"display": {
		"thirdperson_righthand": {
			"rotation": [-38, 90, 35],
			"translation": [0, 3.5, 1.75],
			"scale": [0.85, 0.85, 0.85]
		},
		"thirdperson_lefthand": {
			"rotation": [-38, -90, -35],
			"translation": [0, 3.5, 1.75],
			"scale": [0.85, 0.85, 0.85]
		},
		"firstperson_righthand": {
			"rotation": [-22, 88, 0],
			"translation": [2.5, 6, -0.75]
		},
		"firstperson_lefthand": {
			"rotation": [-22, -88, 0],
			"translation": [2.5, 6, -0.75]
		},
		"ground": {
			"rotation": [0, 0, -23],
			"translation": [0, 2, 0],
			"scale": [0.5, 0.5, 0.5]
		},
		"head": {
			"rotation": [0, 90, 0],
			"translation": [0, 13, 0]
		},
		"fixed": {
			"rotation": [-23, 90, 0],
			"translation": [0, 2, -1.5]
		}
	}
}