{
	"textures": {
		"0": "block/torch/torch",
		"2": "block/torch/redstone_torch_on",
		"particle": "block/torch/redstone_torch_on"
	},
	"elements": [
		{
			"from": [1, 3, 7],
			"to": [3, 13, 9],
			"rotation": {"angle": -22.5, "axis": "z", "origin": [2, 8, 8]},
			"faces": {
				"north": {"uv": [9, 6, 7, 16], "texture": "#2"},
				"east": {"uv": [2, 6, 4, 16], "texture": "#2"},
				"south": {"uv": [2, 6, 0, 16], "texture": "#2"},
				"west": {"uv": [4, 6, 6, 16], "texture": "#2"},
				"up": {"uv": [14, 0, 16, 2], "texture": "#2"},
				"down": {"uv": [9, 14, 11, 16], "texture": "#2"}
			}
		},
		{
			"from": [0.75, 10, 6.75],
			"to": [3.25, 11, 9.25],
			"rotation": {"angle": -22.5, "axis": "z", "origin": [2, 8, 8]},
			"faces": {
				"north": {"uv": [12, 15, 9, 16], "texture": "#0"},
				"east": {"uv": [13, 14, 10, 15], "texture": "#0"},
				"south": {"uv": [13, 13, 10, 14], "texture": "#0"},
				"west": {"uv": [12, 12, 9, 13], "texture": "#0"},
				"up": {"uv": [12, 13, 9, 16], "texture": "#0"},
				"down": {"uv": [12, 12, 9, 15], "texture": "#0"}
			}
		},
		{
			"from": [0, 6, 6.375],
			"to": [3.25, 7, 9.625],
			"rotation": {"angle": 0, "axis": "y", "origin": [1.625, 6.5, 8]},
			"faces": {
				"north": {"uv": [9, 12, 13, 13], "texture": "#0"},
				"east": {"uv": [9, 12, 13, 13], "texture": "#0"},
				"south": {"uv": [9, 15, 13, 16], "texture": "#0"},
				"west": {"uv": [9, 12, 13, 13], "texture": "#0", "cullface": "west"},
				"up": {"uv": [9, 12, 13, 16], "texture": "#0"},
				"down": {"uv": [9, 12, 13, 16], "texture": "#0"}
			}
		}
	]
}